0	2592
1	1475
2	1578
3	1277
4	1113
5	854
6	2207
7	1855
8	2546
9	232
10	1144,1513
11	1144,1513
12	1572
13	487
14	212,983,1041,1195,1604
15	1400
16	212,983,1041,1195,1604
17	44
18	212,983,1041,1195,1604
19	2168
20	126
21	1284
22	840
23	212,983,1041,1195,1604
24	1458
25	2100
26	1544
27	212,983,1041,1195,1604
28	790
29	978
30	2182
31	1697
32	863
33	196
34	1107
35	2073
36	485
37	2372
38	844
39	1125
40	2429
41	2014
42	1018
43	5
44	659
45	1505
46	1393
47	851
48	325,1301
49	1588
50	2066
51	540
52	900
53	325,1301
54	1086
55	1060
56	2172
57	2446
58	1554
59	1774
60	1737
61	2745
62	1742
63	1434,1825,2633
64	346
65	1434,1825,2633
66	2500
67	1434,1825,2633
68	1498
69	2190
70	1582
71	128,2501
72	2508
73	2068
74	43
75	2555
76	545
77	1905
78	128,2501
79	943
80	554
81	1985
82	518
83	1594
84	2518
85	2027
86	53
87	2387
88	2016
89	59
90	1468
91	1449
92	2440
93	1055
94	166,234,2416
95	745
96	66
97	1860
98	166,234,2416
99	778
100	166,234,2416
101	1079
102	2523
103	359
104	1464
105	802
106	1088
107	1022
108	1605
109	674
110	464
111	2646
112	79
113	1160
114	2001
115	72
116	2291
117	258
118	513
119	814
120	2305
121	1197
122	2378
123	2406
124	549,2705
125	549,2705
126	429
127	1175
128	2232
129	1234
130	2269
131	1601
132	1014
133	449
134	2624
135	2000
136	2542
137	194
138	185,478,494,970,1115,1327,1375,1461,1537,1721,1851,1952,2356,2427,2738
139	2040
140	185,478,494,970,1115,1327,1375,1461,1537,1721,1851,1952,2356,2427,2738
141	1898
142	1499
143	1270
144	1878
145	357
146	2670
147	2316
148	2441
149	265
150	1820
151	1719
152	1748
153	185,478,494,970,1115,1327,1375,1461,1537,1721,1851,1952,2356,2427,2738
154	1815
155	1727
156	185,478,494,970,1115,1327,1375,1461,1537,1721,1851,1952,2356,2427,2738
157	1639,2488
158	521
159	1186
160	566
161	118
162	1676
163	1910
164	898
165	1509
166	708
167	214
168	1476
169	557
170	2348
171	1771
172	537
173	442,2564
174	856
175	1105
176	415
177	185,478,494,970,1115,1327,1375,1461,1537,1721,1851,1952,2356,2427,2738
178	2728
179	2010
180	904
181	2093
182	198
183	703
184	1783
185	403
186	869
187	2373
188	181
189	1614
190	546
191	185,478,494,970,1115,1327,1375,1461,1537,1721,1851,1952,2356,2427,2738
192	185,478,494,970,1115,1327,1375,1461,1537,1721,1851,1952,2356,2427,2738
193	1753
194	1639,2488
195	2004
196	2507
197	185,478,494,970,1115,1327,1375,1461,1537,1721,1851,1952,2356,2427,2738
198	2313
199	1684
200	185,478,494,970,1115,1327,1375,1461,1537,1721,1851,1952,2356,2427,2738
201	2044
202	526
203	1067
204	185,478,494,970,1115,1327,1375,1461,1537,1721,1851,1952,2356,2427,2738
205	1118
206	2205
207	593
208	185,478,494,970,1115,1327,1375,1461,1537,1721,1851,1952,2356,2427,2738
209	185,478,494,970,1115,1327,1375,1461,1537,1721,1851,1952,2356,2427,2738
210	742
211	185,478,494,970,1115,1327,1375,1461,1537,1721,1851,1952,2356,2427,2738
212	2404
213	442,2564
214	1637
215	661
216	1813
217	93
218	2722
219	1970
220	1807
221	2224
222	1320
223	1756
224	2108
225	2585
226	24
227	218
228	2712
229	1158
230	58
231	2338
232	185,478,494,970,1115,1327,1375,1461,1537,1721,1851,1952,2356,2427,2738
233	236
234	1489
235	137
236	1540
237	2473
238	1177
239	81
240	2677
241	1193
242	421
243	185,478,494,970,1115,1327,1375,1461,1537,1721,1851,1952,2356,2427,2738
244	2077
245	2381
246	2700
247	2215
248	1802
249	859
250	847
251	2212
252	523
253	264
254	2038
255	1403
256	463
257	1219
258	248
259	1288
260	1627
261	1466
262	2034
263	1573
264	1767
265	88
266	252
267	2478
268	693
269	2724
270	1840
271	1323
272	1445
273	1843
274	1936
275	370
276	1700
277	308
278	1992
279	222
280	381,1567
281	381,1567
282	2202
283	2691
284	2103
285	630
286	811
287	734
288	1845
289	1621
290	868
291	1507
292	1599
293	2035
294	1366
295	1299
296	1564
297	1972
298	609
299	2285
300	2176
301	2773
302	1518
303	2708
304	711
305	1
306	1414
307	1530
308	385
309	1921
310	2580
311	683
312	673
313	411
314	20
315	247
316	736
317	1266
318	2560
319	897
320	2209
321	927
322	2615
323	1863
324	1087
325	342
326	718
327	1511
328	1943
329	1729
330	1946
331	2672
332	2046
333	36
334	2490
335	1944
336	2682
337	1282
338	1176
339	1329
340	1151,1220
341	914
342	290
343	895
344	2150
345	1164
346	2537
347	1061
348	11,946,1389,2302,2517
349	1169
350	1024
351	529
352	738
353	110
354	1749
355	483,2106
356	1183,2301
357	1151,1220
358	1933
359	2332
360	1183,2301
361	11,946,1389,2302,2517
362	17
363	1550
364	269
365	483,2106
366	2750
367	1556
368	11,946,1389,2302,2517
369	97
370	11,946,1389,2302,2517
371	1224
372	1570
373	2469
374	977
375	270
376	277
377	552
378	1200
379	402
380	553
381	2534
382	568
383	2532
384	406
385	11,946,1389,2302,2517
386	2496
387	2166
388	1453
389	1474
390	1492
391	2513
392	2096
393	319
394	1255
395	275
396	2411
397	1950
398	2754
399	1051
400	2023
401	33
402	1413
403	1598
404	2251
405	618
406	1287,1872
407	2648
408	505
409	151
410	2637
411	1287,1872
412	1836
413	244
414	1870
415	1143
416	1080
417	2162
418	1350
419	1309
420	1491
421	709
422	2688
423	1571
424	1940
425	862
426	2554
427	162
428	1245
429	1520
430	655,965,1202,2635
431	1657
432	186
433	2449
434	439
435	2650
436	838
437	2667
438	655,965,1202,2635
439	655,965,1202,2635
440	655,965,1202,2635
441	1430
442	1500
443	1997
444	1444
445	425
446	1371
447	1214
448	2195
449	2277
450	2091
451	289
452	892
453	1516
454	1645
455	475
456	1007
457	99
458	2644
459	418
460	2686
461	134
462	482
463	723
464	1670
465	285
466	2011
467	769
468	2643
469	2558
470	391
471	2482
472	1765
473	2191
474	976
475	2143
476	272
477	682
478	195
479	1181
480	2365
481	921
482	2351
483	2325
484	1623
485	1201
486	1459
487	1361
488	534
489	1891
490	458
491	42
492	936
493	2012
494	1949
495	2709
496	138
497	2662
498	1070
499	621
500	1376
501	1391
502	1447
503	480
504	1824
505	836
506	806
507	2464
508	1188
509	2020
510	94
511	797
512	730
513	759
514	1728
515	2470
516	2322
517	1427
518	387
519	579,1690
520	579,1690
521	2261
522	1902
523	1381
524	1606
525	1069
526	251
527	1467
528	1699
529	1793
530	103
531	174
532	536
533	1915
534	230
535	820
536	167
537	665
538	1841
539	2105
540	1816
541	156,1804
542	514
543	156,1804
544	1726
545	2755
546	40,2494,2551
547	355
548	40,2494,2551
549	40,2494,2551
550	1319
551	574
552	2022
553	85
554	1304
555	1810
556	2616
557	772
558	695
559	2409
560	471
561	1348
562	1602
563	1367
564	779
565	1731
566	2173
567	453,595,1501
568	1296
569	453,595,1501
570	95
571	2703
572	453,595,1501
573	646
574	2286
575	1857
576	2243
577	620
578	2697
579	1161
580	767
581	2577
582	1198
583	154
584	2629
585	50,1269,1806,2376
586	896
587	50,1269,1806,2376
588	1387
589	50,1269,1806,2376
590	50,1269,1806,2376
591	144
592	1314
593	1008
594	1059
595	2296
596	2414
597	312,815,2735
598	366
599	1803
600	2076
601	47
602	1984
603	1463
604	1335
605	2247
606	524
607	1155
608	1172
609	1714
610	312,815,2735
611	2434
612	1649
613	312,815,2735
614	2583
615	1791
616	1600
617	78
618	2566
619	379
620	948
621	1281
622	2574
623	866
624	1232
625	1596
626	328
627	1029
628	2263
629	1260
630	795
631	92
632	1187
633	1671,2740
634	1011
635	358
636	1671,2740
637	906
638	2292
639	2197
640	1736
641	1897
642	400
643	776
644	644
645	2636
646	334
647	2213
648	1785
649	2017
650	995
651	451
652	2567
653	246
654	817
655	1023
656	558
657	819
658	2663
659	2253
660	1811
661	1096
662	2475
663	611
664	1759
665	737
666	1216
667	732
668	1226
669	532
670	476
671	55
672	1332
673	626
674	28
675	1769
676	1346
677	957,1738,2666
678	957,1738,2666
679	957,1738,2666
680	2447
681	1741
682	1969
683	1352
684	525
685	2125
686	2275
687	1490
688	881
689	21
690	1837
691	1253
692	2588
693	301
694	1139
695	1426
696	368
697	490
698	1648
699	1611
700	369,1000,1351,1372
701	369,1000,1351,1372
702	282
703	2769
704	369,1000,1351,1372
705	369,1000,1351,1372
706	1665
707	968
708	384
709	843,2344
710	461
711	223
712	2590
713	237
714	843,2344
715	2736
716	2026
717	2459
718	1211
719	2559
720	1937
721	23
722	842,971
723	2461
724	610
725	1533
726	200
727	842,971
728	1686
729	2570
730	2087
731	243
732	2297
733	1117
734	1761
735	1971
736	1547
737	939
738	336
739	857
740	1715
741	1015
742	1028
743	382
744	2771
745	502
746	1488
747	2655
748	2130
749	417
750	130
751	1383
752	1142
753	217
754	376
755	35
756	1808
757	931
758	2333
759	2148
760	2661
761	1481
762	717
763	2031
764	125
765	1272
766	472
767	1093
768	786,2006
769	961
770	1020
771	1417
772	786,2006
773	2763
774	2015
775	958
776	1709
777	1289
778	700
779	121
780	2123
781	460
782	2777
783	2543
784	2396
785	307
786	294
787	918,935,1644
788	1298
789	918,935,1644
790	918,935,1644
791	2657
792	2707
793	575
794	517,1907
795	517,1907
796	2407
797	274
798	420
799	2236
800	2723
801	1862
802	120,624,955,998,1344,1378,1455,1920,2028,2071,2371,2581
803	120,624,955,998,1344,1378,1455,1920,2028,2071,2371,2581
804	120,624,955,998,1344,1378,1455,1920,2028,2071,2371,2581
805	120,624,955,998,1344,1378,1455,1920,2028,2071,2371,2581
806	219
807	120,624,955,998,1344,1378,1455,1920,2028,2071,2371,2581
808	2117
809	120,624,955,998,1344,1378,1455,1920,2028,2071,2371,2581
810	147
811	120,624,955,998,1344,1378,1455,1920,2028,2071,2371,2581
812	135
813	120,624,955,998,1344,1378,1455,1920,2028,2071,2371,2581
814	120,624,955,998,1344,1378,1455,1920,2028,2071,2371,2581
815	1613,2242
816	268
817	120,624,955,998,1344,1378,1455,1920,2028,2071,2371,2581
818	120,624,955,998,1344,1378,1455,1920,2028,2071,2371,2581
819	120,624,955,998,1344,1378,1455,1920,2028,2071,2371,2581
820	647
821	367
822	235
823	1782
824	1613,2242
825	2631
826	2752
827	2645
828	704
829	1110
830	399
831	761
832	445
833	1402
834	392
835	1712
836	982
837	1240
838	1295
839	1408
840	999
841	1033
842	2139
843	1450
844	31
845	427
846	2481
847	1017
848	100
849	2403
850	741
851	1038
852	1995
853	1185
854	1483
855	75
856	1842
857	2237
858	395
859	916
860	947
861	1625
862	822,1867,2520,2696
863	822,1867,2520,2696
864	6
865	1908
866	2511
867	822,1867,2520,2696
868	822,1867,2520,2696
869	2319
870	2704
871	771
872	1153
873	2210
874	37
875	1248
876	1633
877	152,602,989,1184
878	573
879	152,602,989,1184
880	1900
881	22
882	152,602,989,1184
883	1262
884	1508
885	152,602,989,1184
886	1264
887	2718
888	2557
889	751
890	508
891	1359
892	792
893	1166
894	2713
895	1116,2267
896	1967
897	1116,2267
898	245
899	98
900	1292
901	1708
902	672
903	2064
904	2701
905	2054
906	787
907	1770
908	1315
909	159
910	1939
911	1404
912	631
913	276
914	1669
915	143
916	2612
917	1457
918	1472
919	176,192,679,1236,1358
920	397
921	1036
922	396
923	1893
924	2438
925	1592
926	1217,1486,2053
927	1217,1486,2053
928	176,192,679,1236,1358
929	656
930	1735
931	176,192,679,1236,1358
932	2528
933	176,192,679,1236,1358
934	176,192,679,1236,1358
935	1217,1486,2053
936	1988
937	2287
938	2299
939	2578
940	2673
941	2445
942	2007
943	338
944	1819
945	511
946	1302
947	377
948	1688
949	2120
950	893
951	362
952	1859
953	1235
954	2019
955	1283
956	2388
957	2327
958	1640
959	114
960	565,580,781,905,1109,1512,2058
961	1510
962	132
963	1021
964	565,580,781,905,1109,1512,2058
965	565,580,781,905,1109,1512,2058
966	565,580,781,905,1109,1512,2058
967	2394
968	2453
969	565,580,781,905,1109,1512,2058
970	1584
971	565,580,781,905,1109,1512,2058
972	565,580,781,905,1109,1512,2058
973	1077
974	113
975	2586
976	1231
977	617
978	1947,2424,2721
979	2129
980	1812
981	1711
982	581
983	804
984	1698
985	266
986	2435
987	1777
988	2045
989	1947,2424,2721
990	1947,2424,2721
991	1745
992	1722
993	2571
994	2550
995	714
996	2607
997	1979
998	506
999	1994
1000	864
1001	1724
1002	648,1138,1242,1549
1003	984
1004	351
1005	594
1006	752
1007	979
1008	353
1009	2591
1010	592
1011	743
1012	648,1138,1242,1549
1013	489
1014	648,1138,1242,1549
1015	2400
1016	203
1017	1149
1018	1052
1019	1506
1020	648,1138,1242,1549
1021	1864
1022	254
1023	428
1024	2013
1025	2649
1026	1751
1027	2525
1028	1965
1029	2070,2690
1030	668
1031	2314
1032	2070,2690
1033	2472
1034	2730
1035	1339
1036	1025
1037	1406
1038	2265
1039	1124
1040	1730
1041	2758
1042	2642
1043	2524
1044	533
1045	1858
1046	2309
1047	1439
1048	2136
1049	1152
1050	2658
1051	77,158,286,350,405,465,510,690,937,1206,1209,1268,1504,1563,1885,2142,2345,2355,2458,2608
1052	1159
1053	1035
1054	782,1718
1055	77,158,286,350,405,465,510,690,937,1206,1209,1268,1504,1563,1885,2142,2345,2355,2458,2608
1056	1624
1057	638
1058	1377
1059	77,158,286,350,405,465,510,690,937,1206,1209,1268,1504,1563,1885,2142,2345,2355,2458,2608
1060	77,158,286,350,405,465,510,690,937,1206,1209,1268,1504,1563,1885,2142,2345,2355,2458,2608
1061	77,158,286,350,405,465,510,690,937,1206,1209,1268,1504,1563,1885,2142,2345,2355,2458,2608
1062	77,158,286,350,405,465,510,690,937,1206,1209,1268,1504,1563,1885,2142,2345,2355,2458,2608
1063	2477
1064	1795
1065	77,158,286,350,405,465,510,690,937,1206,1209,1268,1504,1563,1885,2142,2345,2355,2458,2608
1066	77,158,286,350,405,465,510,690,937,1206,1209,1268,1504,1563,1885,2142,2345,2355,2458,2608
1067	762
1068	1012
1069	77,158,286,350,405,465,510,690,937,1206,1209,1268,1504,1563,1885,2142,2345,2355,2458,2608
1070	1104
1071	1839
1072	77,158,286,350,405,465,510,690,937,1206,1209,1268,1504,1563,1885,2142,2345,2355,2458,2608
1073	2386
1074	1252
1075	2092
1076	77,158,286,350,405,465,510,690,937,1206,1209,1268,1504,1563,1885,2142,2345,2355,2458,2608
1077	57
1078	77,158,286,350,405,465,510,690,937,1206,1209,1268,1504,1563,1885,2142,2345,2355,2458,2608
1079	77,158,286,350,405,465,510,690,937,1206,1209,1268,1504,1563,1885,2142,2345,2355,2458,2608
1080	77,158,286,350,405,465,510,690,937,1206,1209,1268,1504,1563,1885,2142,2345,2355,2458,2608
1081	77,158,286,350,405,465,510,690,937,1206,1209,1268,1504,1563,1885,2142,2345,2355,2458,2608
1082	77,158,286,350,405,465,510,690,937,1206,1209,1268,1504,1563,1885,2142,2345,2355,2458,2608
1083	77,158,286,350,405,465,510,690,937,1206,1209,1268,1504,1563,1885,2142,2345,2355,2458,2608
1084	77,158,286,350,405,465,510,690,937,1206,1209,1268,1504,1563,1885,2142,2345,2355,2458,2608
1085	2229
1086	782,1718
1087	468
1088	32
1089	77,158,286,350,405,465,510,690,937,1206,1209,1268,1504,1563,1885,2142,2345,2355,2458,2608
1090	2611
1091	1989
1092	77,158,286,350,405,465,510,690,937,1206,1209,1268,1504,1563,1885,2142,2345,2355,2458,2608
1093	678,1410
1094	2455
1095	2140
1096	2239
1097	262
1098	1460,2502
1099	1460,2502
1100	2157
1101	1349
1102	1261,2298
1103	988
1104	1983
1105	2516
1106	615
1107	2024
1108	1438
1109	1261,2298
1110	1853
1111	1482
1112	1205
1113	141
1114	1225
1115	590
1116	1692
1117	1766
1118	2695
1119	733
1120	153,160,2374,2778
1121	153,160,2374,2778
1122	2668
1123	591
1124	153,160,2374,2778
1125	153,160,2374,2778
1126	2042
1127	1925
1128	1603
1129	1659
1130	115
1131	414
1132	2753
1133	894
1134	908,1773,2055
1135	2442
1136	2226
1137	1401
1138	908,1773,2055
1139	2119
1140	908,1773,2055
1141	1720
1142	2264
1143	2178
1144	2448
1145	1448
1146	808
1147	1541
1148	1607
1149	2154
1150	1558
1151	670
1152	1465
1153	667
1154	564
1155	498
1156	571,608,2572
1157	571,608,2572
1158	571,608,2572
1159	1405
1160	2452
1161	242
1162	2480
1163	2576
1164	1612
1165	877
1166	2362
1167	2167
1168	763
1169	386
1170	354,1495,2134,2156,2569
1171	354,1495,2134,2156,2569
1172	354,1495,2134,2156,2569
1173	1365
1174	1478
1175	354,1495,2134,2156,2569
1176	354,1495,2134,2156,2569
1177	1552
1178	1651
1179	90
1180	727
1181	1190
1182	1641
1183	1249
1184	2310
1185	987
1186	1034
1187	365
1188	1964
1189	2685
1190	2249,2527
1191	2249,2527
1192	572,725,1081,1246,1654,1733,1814,1951,2095,2385,2598,2600
1193	1694
1194	1103
1195	572,725,1081,1246,1654,1733,1814,1951,2095,2385,2598,2600
1196	572,725,1081,1246,1654,1733,1814,1951,2095,2385,2598,2600
1197	929
1198	572,725,1081,1246,1654,1733,1814,1951,2095,2385,2598,2600
1199	584
1200	491
1201	1421
1202	249
1203	2727
1204	1786
1205	572,725,1081,1246,1654,1733,1814,1951,2095,2385,2598,2600
1206	915
1207	1569
1208	572,725,1081,1246,1654,1733,1814,1951,2095,2385,2598,2600
1209	572,725,1081,1246,1654,1733,1814,1951,2095,2385,2598,2600
1210	1710
1211	2370
1212	2589
1213	1934
1214	2412
1215	572,725,1081,1246,1654,1733,1814,1951,2095,2385,2598,2600
1216	572,725,1081,1246,1654,1733,1814,1951,2095,2385,2598,2600
1217	572,725,1081,1246,1654,1733,1814,1951,2095,2385,2598,2600
1218	572,725,1081,1246,1654,1733,1814,1951,2095,2385,2598,2600
1219	1524
1220	2116
1221	2747
1222	1945
1223	455
1224	1562
1225	572,725,1081,1246,1654,1733,1814,1951,2095,2385,2598,2600
1226	1279
1227	25
1228	1914
1229	1652
1230	1009
1231	488
1232	1775
1233	87
1234	688
1235	133
1236	228
1237	145
1238	1948
1239	1286
1240	835
1241	2341
1242	2714
1243	2499
1244	199,259,707,839,1027,1063,1065,1140,1191,1347,1551,1636,1916,2121,2185,2279,2369,2512,2568
1245	677
1246	199,259,707,839,1027,1063,1065,1140,1191,1347,1551,1636,1916,2121,2185,2279,2369,2512,2568
1247	1423
1248	199,259,707,839,1027,1063,1065,1140,1191,1347,1551,1636,1916,2121,2185,2279,2369,2512,2568
1249	199,259,707,839,1027,1063,1065,1140,1191,1347,1551,1636,1916,2121,2185,2279,2369,2512,2568
1250	199,259,707,839,1027,1063,1065,1140,1191,1347,1551,1636,1916,2121,2185,2279,2369,2512,2568
1251	61
1252	2367,2689
1253	199,259,707,839,1027,1063,1065,1140,1191,1347,1551,1636,1916,2121,2185,2279,2369,2512,2568
1254	199,259,707,839,1027,1063,1065,1140,1191,1347,1551,1636,1916,2121,2185,2279,2369,2512,2568
1255	2111
1256	199,259,707,839,1027,1063,1065,1140,1191,1347,1551,1636,1916,2121,2185,2279,2369,2512,2568
1257	199,259,707,839,1027,1063,1065,1140,1191,1347,1551,1636,1916,2121,2185,2279,2369,2512,2568
1258	1666
1259	199,259,707,839,1027,1063,1065,1140,1191,1347,1551,1636,1916,2121,2185,2279,2369,2512,2568
1260	199,259,707,839,1027,1063,1065,1140,1191,1347,1551,1636,1916,2121,2185,2279,2369,2512,2568
1261	163
1262	899
1263	199,259,707,839,1027,1063,1065,1140,1191,1347,1551,1636,1916,2121,2185,2279,2369,2512,2568
1264	437
1265	2183
1266	199,259,707,839,1027,1063,1065,1140,1191,1347,1551,1636,1916,2121,2185,2279,2369,2512,2568
1267	199,259,707,839,1027,1063,1065,1140,1191,1347,1551,1636,1916,2121,2185,2279,2369,2512,2568
1268	199,259,707,839,1027,1063,1065,1140,1191,1347,1551,1636,1916,2121,2185,2279,2369,2512,2568
1269	1290
1270	539
1271	2151
1272	2417
1273	2097
1274	199,259,707,839,1027,1063,1065,1140,1191,1347,1551,1636,1916,2121,2185,2279,2369,2512,2568
1275	199,259,707,839,1027,1063,1065,1140,1191,1347,1551,1636,1916,2121,2185,2279,2369,2512,2568
1276	199,259,707,839,1027,1063,1065,1140,1191,1347,1551,1636,1916,2121,2185,2279,2369,2512,2568
1277	974
1278	2367,2689
1279	1334
1280	2683
1281	199,259,707,839,1027,1063,1065,1140,1191,1347,1551,1636,1916,2121,2185,2279,2369,2512,2568
1282	84
1283	1828
1284	435
1285	287
1286	123
1287	887,2258
1288	887,2258
1289	578
1290	919
1291	1868
1292	622
1293	2220
1294	1148
1295	2579
1296	1919
1297	2152
1298	380,696
1299	2536
1300	380,696
1301	544
1302	2545
1303	589
1304	70
1305	374,1662
1306	2036
1307	374,1662
1308	613
1309	2419
1310	2133
1311	1398
1312	1156,1942,2463
1313	107
1314	1364
1315	1901
1316	1156,1942,2463
1317	1156,1942,2463
1318	2278
1319	443
1320	705
1321	1723,48
1322	1723,48
1323	142
1324	1579
1325	755
1326	182
1327	1696
1328	2535
1329	2098
1330	2231
1331	891
1332	2274
1333	642
1334	1658
1335	320
1336	1587
1337	2605
1338	288
1339	1002
1340	2324
1341	226,1991
1342	226,1991
1343	15
1344	760
1345	2289
1346	2457
1347	1333
1348	2321
1349	1165
1350	1053
1351	818
1352	229
1353	322
1354	681,1308
1355	681,1308
1356	848
1357	207,509,1744,1923
1358	2331
1359	207,509,1744,1923
1360	207,509,1744,1923
1361	207,509,1744,1923
1362	60
1363	634
1364	922
1365	430
1366	1561
1367	967
1368	1962
1369	2421
1370	29
1371	1586,2149
1372	1586,2149
1373	676
1374	2594
1375	555
1376	1926
1377	1764
1378	2254
1379	1638
1380	912
1381	1146
1382	2359
1383	2086
1384	2749
1385	1555
1386	706
1387	1218
1388	1312
1389	1911
1390	1503
1391	1626
1392	1610
1393	1331
1394	699,803,1046,1675,1805,2049,2641
1395	699,803,1046,1675,1805,2049,2641
1396	699,803,1046,1675,1805,2049,2641
1397	2515
1398	699,803,1046,1675,1805,2049,2641
1399	699,803,1046,1675,1805,2049,2641
1400	699,803,1046,1675,1805,2049,2641
1401	699,803,1046,1675,1805,2049,2641
1402	316
1403	422
1404	2171
1405	884
1406	1167
1407	2072
1408	561
1409	1119
1410	2582
1411	1456
1412	2270
1413	757
1414	2002
1415	206
1416	1899
1417	340
1418	157
1419	1171
1420	1704
1421	601
1422	2503
1423	969,2315
1424	1634
1425	969,2315
1426	375
1427	2384
1428	26
1429	296,438,499,559,777,1128,1228,1306,2256,2262,2284,2595,2720
1430	296,438,499,559,777,1128,1228,1306,2256,2262,2284,2595,2720
1431	1557
1432	296,438,499,559,777,1128,1228,1306,2256,2262,2284,2595,2720
1433	522
1434	412
1435	296,438,499,559,777,1128,1228,1306,2256,2262,2284,2595,2720
1436	296,438,499,559,777,1128,1228,1306,2256,2262,2284,2595,2720
1437	1717
1438	612
1439	296,438,499,559,777,1128,1228,1306,2256,2262,2284,2595,2720
1440	296,438,499,559,777,1128,1228,1306,2256,2262,2284,2595,2720
1441	296,438,499,559,777,1128,1228,1306,2256,2262,2284,2595,2720
1442	296,438,499,559,777,1128,1228,1306,2256,2262,2284,2595,2720
1443	296,438,499,559,777,1128,1228,1306,2256,2262,2284,2595,2720
1444	788
1445	296,438,499,559,777,1128,1228,1306,2256,2262,2284,2595,2720
1446	2398
1447	1132
1448	2131
1449	41
1450	1433
1451	598
1452	296,438,499,559,777,1128,1228,1306,2256,2262,2284,2595,2720
1453	296,438,499,559,777,1128,1228,1306,2256,2262,2284,2595,2720
1454	372,2651
1455	372,2651
1456	1608
1457	345,388,404,879,907,1004,1127,1285,1497,1546,1609,1768,2486,2619,2678
1458	345,388,404,879,907,1004,1127,1285,1497,1546,1609,1768,2486,2619,2678
1459	2164
1460	2420
1461	1311
1462	1678
1463	345,388,404,879,907,1004,1127,1285,1497,1546,1609,1768,2486,2619,2678
1464	345,388,404,879,907,1004,1127,1285,1497,1546,1609,1768,2486,2619,2678
1465	284
1466	345,388,404,879,907,1004,1127,1285,1497,1546,1609,1768,2486,2619,2678
1467	345,388,404,879,907,1004,1127,1285,1497,1546,1609,1768,2486,2619,2678
1468	345,388,404,879,907,1004,1127,1285,1497,1546,1609,1768,2486,2619,2678
1469	345,388,404,879,907,1004,1127,1285,1497,1546,1609,1768,2486,2619,2678
1470	345,388,404,879,907,1004,1127,1285,1497,1546,1609,1768,2486,2619,2678
1471	345,388,404,879,907,1004,1127,1285,1497,1546,1609,1768,2486,2619,2678
1472	345,388,404,879,907,1004,1127,1285,1497,1546,1609,1768,2486,2619,2678
1473	345,388,404,879,907,1004,1127,1285,1497,1546,1609,1768,2486,2619,2678
1474	345,388,404,879,907,1004,1127,1285,1497,1546,1609,1768,2486,2619,2678
1475	345,388,404,879,907,1004,1127,1285,1497,1546,1609,1768,2486,2619,2678
1476	345,388,404,879,907,1004,1127,1285,1497,1546,1609,1768,2486,2619,2678
1477	2676
1478	2474
1479	2573
1480	1265
1481	1647
1482	170
1483	722
1484	250
1485	2368
1486	454
1487	625
1488	1680
1489	2214
1490	2288
1491	1074
1492	783
1493	2075
1494	2281
1495	2613
1496	1005
1497	1904
1498	339
1499	69,831
1500	69,831
1501	1321
1502	2169
1503	2495
1504	834
1505	1267
1506	694
1507	567
1508	1667
1509	964
1510	2307
1511	27
1512	2462
1513	291
1514	1664
1515	1874
1516	310
1517	2158
1518	1257
1519	2037
1520	623
1521	527
1522	2318
1523	4,38,68,91,215,347,541,658,686,698,715,724,747,780,821,911,1090,1395,1416,1514,1876,1927,1941,2081,2137,2138,2204,2272,2330,2366,2639,2640,2725
1524	4,38,68,91,215,347,541,658,686,698,715,724,747,780,821,911,1090,1395,1416,1514,1876,1927,1941,2081,2137,2138,2204,2272,2330,2366,2639,2640,2725
1525	4,38,68,91,215,347,541,658,686,698,715,724,747,780,821,911,1090,1395,1416,1514,1876,1927,1941,2081,2137,2138,2204,2272,2330,2366,2639,2640,2725
1526	2188
1527	4,38,68,91,215,347,541,658,686,698,715,724,747,780,821,911,1090,1395,1416,1514,1876,1927,1941,2081,2137,2138,2204,2272,2330,2366,2639,2640,2725
1528	1066
1529	2510
1530	4,38,68,91,215,347,541,658,686,698,715,724,747,780,821,911,1090,1395,1416,1514,1876,1927,1941,2081,2137,2138,2204,2272,2330,2366,2639,2640,2725
1531	71
1532	64
1533	4,38,68,91,215,347,541,658,686,698,715,724,747,780,821,911,1090,1395,1416,1514,1876,1927,1941,2081,2137,2138,2204,2272,2330,2366,2639,2640,2725
1534	1973
1535	263
1536	4,38,68,91,215,347,541,658,686,698,715,724,747,780,821,911,1090,1395,1416,1514,1876,1927,1941,2081,2137,2138,2204,2272,2330,2366,2639,2640,2725
1537	4,38,68,91,215,347,541,658,686,698,715,724,747,780,821,911,1090,1395,1416,1514,1876,1927,1941,2081,2137,2138,2204,2272,2330,2366,2639,2640,2725
1538	872
1539	4,38,68,91,215,347,541,658,686,698,715,724,747,780,821,911,1090,1395,1416,1514,1876,1927,1941,2081,2137,2138,2204,2272,2330,2366,2639,2640,2725
1540	4,38,68,91,215,347,541,658,686,698,715,724,747,780,821,911,1090,1395,1416,1514,1876,1927,1941,2081,2137,2138,2204,2272,2330,2366,2639,2640,2725
1541	2217
1542	4,38,68,91,215,347,541,658,686,698,715,724,747,780,821,911,1090,1395,1416,1514,1876,1927,1941,2081,2137,2138,2204,2272,2330,2366,2639,2640,2725
1543	4,38,68,91,215,347,541,658,686,698,715,724,747,780,821,911,1090,1395,1416,1514,1876,1927,1941,2081,2137,2138,2204,2272,2330,2366,2639,2640,2725
1544	4,38,68,91,215,347,541,658,686,698,715,724,747,780,821,911,1090,1395,1416,1514,1876,1927,1941,2081,2137,2138,2204,2272,2330,2366,2639,2640,2725
1545	1977
1546	1196
1547	2358
1548	4,38,68,91,215,347,541,658,686,698,715,724,747,780,821,911,1090,1395,1416,1514,1876,1927,1941,2081,2137,2138,2204,2272,2330,2366,2639,2640,2725
1549	4,38,68,91,215,347,541,658,686,698,715,724,747,780,821,911,1090,1395,1416,1514,1876,1927,1941,2081,2137,2138,2204,2272,2330,2366,2639,2640,2725
1550	4,38,68,91,215,347,541,658,686,698,715,724,747,780,821,911,1090,1395,1416,1514,1876,1927,1941,2081,2137,2138,2204,2272,2330,2366,2639,2640,2725
1551	4,38,68,91,215,347,541,658,686,698,715,724,747,780,821,911,1090,1395,1416,1514,1876,1927,1941,2081,2137,2138,2204,2272,2330,2366,2639,2640,2725
1552	2781
1553	4,38,68,91,215,347,541,658,686,698,715,724,747,780,821,911,1090,1395,1416,1514,1876,1927,1941,2081,2137,2138,2204,2272,2330,2366,2639,2640,2725
1554	4,38,68,91,215,347,541,658,686,698,715,724,747,780,821,911,1090,1395,1416,1514,1876,1927,1941,2081,2137,2138,2204,2272,2330,2366,2639,2640,2725
1555	433
1556	4,38,68,91,215,347,541,658,686,698,715,724,747,780,821,911,1090,1395,1416,1514,1876,1927,1941,2081,2137,2138,2204,2272,2330,2366,2639,2640,2725
1557	1222
1558	4,38,68,91,215,347,541,658,686,698,715,724,747,780,821,911,1090,1395,1416,1514,1876,1927,1941,2081,2137,2138,2204,2272,2330,2366,2639,2640,2725
1559	4,38,68,91,215,347,541,658,686,698,715,724,747,780,821,911,1090,1395,1416,1514,1876,1927,1941,2081,2137,2138,2204,2272,2330,2366,2639,2640,2725
1560	4,38,68,91,215,347,541,658,686,698,715,724,747,780,821,911,1090,1395,1416,1514,1876,1927,1941,2081,2137,2138,2204,2272,2330,2366,2639,2640,2725
1561	4,38,68,91,215,347,541,658,686,698,715,724,747,780,821,911,1090,1395,1416,1514,1876,1927,1941,2081,2137,2138,2204,2272,2330,2366,2639,2640,2725
1562	4,38,68,91,215,347,541,658,686,698,715,724,747,780,821,911,1090,1395,1416,1514,1876,1927,1941,2081,2137,2138,2204,2272,2330,2366,2639,2640,2725
1563	4,38,68,91,215,347,541,658,686,698,715,724,747,780,821,911,1090,1395,1416,1514,1876,1927,1941,2081,2137,2138,2204,2272,2330,2366,2639,2640,2725
1564	4,38,68,91,215,347,541,658,686,698,715,724,747,780,821,911,1090,1395,1416,1514,1876,1927,1941,2081,2137,2138,2204,2272,2330,2366,2639,2640,2725
1565	991
1566	4,38,68,91,215,347,541,658,686,698,715,724,747,780,821,911,1090,1395,1416,1514,1876,1927,1941,2081,2137,2138,2204,2272,2330,2366,2639,2640,2725
1567	4,38,68,91,215,347,541,658,686,698,715,724,747,780,821,911,1090,1395,1416,1514,1876,1927,1941,2081,2137,2138,2204,2272,2330,2366,2639,2640,2725
1568	1880
1569	2692
1570	4,38,68,91,215,347,541,658,686,698,715,724,747,780,821,911,1090,1395,1416,1514,1876,1927,1941,2081,2137,2138,2204,2272,2330,2366,2639,2640,2725
1571	556
1572	335
1573	1487
1574	2078
1575	4,38,68,91,215,347,541,658,686,698,715,724,747,780,821,911,1090,1395,1416,1514,1876,1927,1941,2081,2137,2138,2204,2272,2330,2366,2639,2640,2725
1576	4,38,68,91,215,347,541,658,686,698,715,724,747,780,821,911,1090,1395,1416,1514,1876,1927,1941,2081,2137,2138,2204,2272,2330,2366,2639,2640,2725
1577	1871
1578	4,38,68,91,215,347,541,658,686,698,715,724,747,780,821,911,1090,1395,1416,1514,1876,1927,1941,2081,2137,2138,2204,2272,2330,2366,2639,2640,2725
1579	2271
1580	2165
1581	721
1582	497
1583	2079
1584	2529
1585	1485
1586	1713
1587	470
1588	321,637,1326,1360
1589	321,637,1326,1360
1590	321,637,1326,1360
1591	600
1592	1884
1593	2352
1594	1221
1595	187
1596	321,637,1326,1360
1597	720
1598	2675
1599	1716
1600	299
1601	440
1602	2063
1603	16
1604	1982
1605	773,2737
1606	773,2737
1607	530
1608	876
1609	423
1610	2674
1611	1330
1612	1477
1613	112
1614	791,874,1353,1734,1976,2041
1615	791,874,1353,1734,1976,2041
1616	1852
1617	1384
1618	361
1619	791,874,1353,1734,1976,2041
1620	791,874,1353,1734,1976,2041
1621	791,874,1353,1734,1976,2041
1622	2246
1623	791,874,1353,1734,1976,2041
1624	424
1625	867
1626	225,652
1627	225,652
1628	1204
1629	495
1630	1528
1631	1100
1632	1385
1633	408
1634	1223
1635	352
1636	2540
1637	295,450,2339
1638	295,450,2339
1639	295,450,2339
1640	2436
1641	2069
1642	2710
1643	378,2115,2484
1644	2241
1645	2698
1646	2530
1647	452
1648	2541
1649	378,2115,2484
1650	378,2115,2484
1651	2609
1652	208
1653	1256
1654	2739
1655	2193
1656	323,1628
1657	323,1628
1658	197
1659	1157
1660	765
1661	1565
1662	1866
1663	409
1664	2402
1665	2680
1666	1781
1667	261
1668	1189
1669	599,2282,2360
1670	596
1671	599,2282,2360
1672	2623
1673	599,2282,2360
1674	1788,2354
1675	1788,2354
1676	662
1677	2601
1678	1435
1679	2005
1680	639
1681	585
1682	150,394,1831
1683	2377
1684	1293
1685	150,394,1831
1686	150,394,1831
1687	2304
1688	1247
1689	774
1690	2562
1691	1779
1692	640,954
1693	1894
1694	640,954
1695	1131
1696	1519,1755
1697	383
1698	102
1699	1519,1755
1700	1705
1701	2160
1702	1016
1703	865,951,2192
1704	865,951,2192
1705	865,951,2192
1706	2109
1707	201
1708	2538
1709	1801
1710	1959
1711	1345
1712	1237
1713	2553
1714	2618
1715	1974
1716	2467
1717	605
1718	1048
1719	850
1720	657
1721	278
1722	1593,2782
1723	1593,2782
1724	1047
1725	183,586,2048
1726	2238
1727	183,586,2048
1728	431
1729	183,586,2048
1730	813
1731	1182
1732	643
1733	2669
1734	2505
1735	1394
1736	1931
1737	1574
1738	169
1739	1844
1740	1861
1741	604,994
1742	407,2104
1743	2604
1744	604,994
1745	407,2104
1746	926
1747	117,1420
1748	117,1420
1749	2211
1750	619
1751	305
1752	2025
1753	952,1695,1849,2181,2717
1754	952,1695,1849,2181,2717
1755	952,1695,1849,2181,2717
1756	952,1695,1849,2181,2717
1757	952,1695,1849,2181,2717
1758	2767
1759	1790
1760	1120,1341,2266,2350,2549
1761	1120,1341,2266,2350,2549
1762	2593
1763	990
1764	2363
1765	917
1766	80,2349
1767	1120,1341,2266,2350,2549
1768	1120,1341,2266,2350,2549
1769	80,2349
1770	1120,1341,2266,2350,2549
1771	373
1772	318
1773	1250
1774	1653
1775	173
1776	542
1777	1590
1778	920
1779	597
1780	2544
1781	913
1782	193,756
1783	193,756
1784	2746
1785	2533
1786	1431
1787	52
1788	54,798,888,1254,1553
1789	54,798,888,1254,1553
1790	54,798,888,1254,1553
1791	54,798,888,1254,1553
1792	54,798,888,1254,1553
1793	2539
1794	1643
1795	1215
1796	129
1797	2233
1798	2491
1799	871
1800	1085,1689,2653
1801	1085,1689,2653
1802	1085,1689,2653
1803	1835
1804	560
1805	1754
1806	663
1807	607
1808	1743
1809	1875
1810	2395
1811	504
1812	1233
1813	1615
1814	1739
1815	1324
1816	2711
1817	1452
1818	12
1819	1986
1820	2294
1821	1597,1635,2454
1822	2189
1823	1996
1824	1597,1635,2454
1825	1525
1826	1597,1635,2454
1827	1656
1828	2127
1829	446,1078,1082
1830	446,1078,1082
1831	446,1078,1082
1832	2114
1833	1913
1834	1356
1835	256
1836	860
1837	2764
1838	2312
1839	2030
1840	827
1841	878
1842	257,2437
1843	257,2437
1844	2102
1845	2741
1846	768
1847	298,684
1848	298,684
1849	1179
1850	2428
1851	2444
1852	1044
1853	1818
1854	34,2257
1855	34,2257
1856	1575
1857	86
1858	1133
1859	2547
1860	9,213,528,993,1280,1342,1494,1536,1827,1930,2240,2759
1861	9,213,528,993,1280,1342,1494,1536,1827,1930,2240,2759
1862	9,213,528,993,1280,1342,1494,1536,1827,1930,2240,2759
1863	1111
1864	9,213,528,993,1280,1342,1494,1536,1827,1930,2240,2759
1865	9,213,528,993,1280,1342,1494,1536,1827,1930,2240,2759
1866	9,213,528,993,1280,1342,1494,1536,1827,1930,2240,2759
1867	9,213,528,993,1280,1342,1494,1536,1827,1930,2240,2759
1868	9,213,528,993,1280,1342,1494,1536,1827,1930,2240,2759
1869	9,213,528,993,1280,1342,1494,1536,1827,1930,2240,2759
1870	9,213,528,993,1280,1342,1494,1536,1827,1930,2240,2759
1871	9,213,528,993,1280,1342,1494,1536,1827,1930,2240,2759
1872	641
1873	9,213,528,993,1280,1342,1494,1536,1827,1930,2240,2759
1874	459
1875	2033
1876	239
1877	419
1878	941
1879	701
1880	179
1881	1687
1882	1337
1883	697
1884	360
1885	841,1141
1886	841,1141
1887	1056
1888	992,2450
1889	992,2450
1890	2426,2456
1891	2426,2456
1892	2039
1893	271,932
1894	2128
1895	271,932
1896	833
1897	535,614,750,796,1354,1660,2276,2780
1898	2228
1899	535,614,750,796,1354,1660,2276,2780
1900	535,614,750,796,1354,1660,2276,2780
1901	535,614,750,796,1354,1660,2276,2780
1902	535,614,750,796,1354,1660,2276,2780
1903	535,614,750,796,1354,1660,2276,2780
1904	535,614,750,796,1354,1660,2276,2780
1905	535,614,750,796,1354,1660,2276,2780
1906	2606
1907	2283
1908	127,1241,2083
1909	127,1241,2083
1910	2405
1911	1436
1912	127,1241,2083
1913	855
1914	794
1915	2393
1916	1471
1917	2630
1918	2317
1919	2340
1920	719
1921	2268
1922	1794
1923	1856
1924	281
1925	651,1123,1274
1926	651,1123,1274
1927	2563
1928	882
1929	890
1930	651,1123,1274
1931	1672
1932	832,2660
1933	1397
1934	832,2660
1935	1026
1936	2329
1937	1276
1938	1955
1939	1632
1940	1108
1941	1886
1942	2099
1943	2107
1944	959
1945	2617
1946	2336
1947	2029
1948	2775
1949	205
1950	966
1951	2234
1952	2043
1953	616
1954	332
1955	1238
1956	925
1957	973
1958	1668
1959	829,1517
1960	829,1517
1961	512,1750
1962	512,1750
1963	1316
1964	2187
1965	1515
1966	56
1967	390,800
1968	1740
1969	139
1970	348
1971	548
1972	390,800
1973	1422
1974	1999
1975	2230
1976	1380
1977	2399
1978	2751
1979	1229
1980	1317
1981	1566
1982	1848
1983	297,2227
1984	297,2227
1985	1092
1986	2732
1987	837
1988	816
1989	764
1990	456,469,950,1823,2587,2742
1991	456,469,950,1823,2587,2742
1992	456,469,950,1823,2587,2742
1993	456,469,950,1823,2587,2742
1994	456,469,950,1823,2587,2742
1995	456,469,950,1823,2587,2742
1996	1778
1997	845
1998	2706
1999	190,576
2000	190,576
2001	1889
2002	1650
2003	1136
2004	2085
2005	104,2575
2006	587
2007	104,2575
2008	928
2009	2671
2010	1747
2011	2090,2357
2012	2090,2357
2013	426
2014	313
2015	2008
2016	2614
2017	2343
2018	1454,1912,2392
2019	1454,1912,2392
2020	1454,1912,2392
2021	2418
2022	1130
2023	0,1162,1762
2024	0,1162,1762
2025	0,1162,1762
2026	1780
2027	933
2028	2433
2029	492
2030	1918,2223
2031	1918,2223
2032	1998
2033	2126
2034	1681
2035	1010
2036	1325
2037	2159
2038	543
2039	303,710,2050,2196
2040	1419
2041	809
2042	303,710,2050,2196
2043	303,710,2050,2196
2044	303,710,2050,2196
2045	2244
2046	337
2047	627
2048	1576,2047
2049	1576,2047
2050	2141
2051	1003
2052	728
2053	1073
2054	2084
2055	1363,1527,1922,2295,2626
2056	1363,1527,1922,2295,2626
2057	903
2058	1956
2059	1258
2060	1363,1527,1922,2295,2626
2061	1363,1527,1922,2295,2626
2062	1363,1527,1922,2295,2626
2063	2311
2064	1163
2065	2556
2066	1446
2067	2476
2068	500
2069	1682
2070	1903
2071	1227
2072	1642
2073	551
2074	1663
2075	1019
2076	2334
2077	1112
2078	326,962
2079	1796
2080	1076
2081	2610
2082	326,962
2083	300
2084	2694
2085	2323
2086	629,807,1990,2122
2087	629,807,1990,2122
2088	629,807,1990,2122
2089	629,807,1990,2122
2090	432
2091	2760
2092	474
2093	1062
2094	1784
2095	858,2492
2096	858,2492
2097	7
2098	441
2099	62,63,171,292,444,583,649,687,830,923,1049,1094,1121,1122,1548,1577,1817,1833,1887,2353,2380,2468,2627
2100	2561
2101	62,63,171,292,444,583,649,687,830,923,1049,1094,1121,1122,1548,1577,1817,1833,1887,2353,2380,2468,2627
2102	1832
2103	62,63,171,292,444,583,649,687,830,923,1049,1094,1121,1122,1548,1577,1817,1833,1887,2353,2380,2468,2627
2104	2521
2105	62,63,171,292,444,583,649,687,830,923,1049,1094,1121,1122,1548,1577,1817,1833,1887,2353,2380,2468,2627
2106	62,63,171,292,444,583,649,687,830,923,1049,1094,1121,1122,1548,1577,1817,1833,1887,2353,2380,2468,2627
2107	62,63,171,292,444,583,649,687,830,923,1049,1094,1121,1122,1548,1577,1817,1833,1887,2353,2380,2468,2627
2108	606
2109	62,63,171,292,444,583,649,687,830,923,1049,1094,1121,1122,1548,1577,1817,1833,1887,2353,2380,2468,2627
2110	62,63,171,292,444,583,649,687,830,923,1049,1094,1121,1122,1548,1577,1817,1833,1887,2353,2380,2468,2627
2111	62,63,171,292,444,583,649,687,830,923,1049,1094,1121,1122,1548,1577,1817,1833,1887,2353,2380,2468,2627
2112	62,63,171,292,444,583,649,687,830,923,1049,1094,1121,1122,1548,1577,1817,1833,1887,2353,2380,2468,2627
2113	910
2114	62,63,171,292,444,583,649,687,830,923,1049,1094,1121,1122,1548,1577,1817,1833,1887,2353,2380,2468,2627
2115	136
2116	62,63,171,292,444,583,649,687,830,923,1049,1094,1121,1122,1548,1577,1817,1833,1887,2353,2380,2468,2627
2117	62,63,171,292,444,583,649,687,830,923,1049,1094,1121,1122,1548,1577,1817,1833,1887,2353,2380,2468,2627
2118	62,63,171,292,444,583,649,687,830,923,1049,1094,1121,1122,1548,1577,1817,1833,1887,2353,2380,2468,2627
2119	62,63,171,292,444,583,649,687,830,923,1049,1094,1121,1122,1548,1577,1817,1833,1887,2353,2380,2468,2627
2120	62,63,171,292,444,583,649,687,830,923,1049,1094,1121,1122,1548,1577,1817,1833,1887,2353,2380,2468,2627
2121	62,63,171,292,444,583,649,687,830,923,1049,1094,1121,1122,1548,1577,1817,1833,1887,2353,2380,2468,2627
2122	62,63,171,292,444,583,649,687,830,923,1049,1094,1121,1122,1548,1577,1817,1833,1887,2353,2380,2468,2627
2123	62,63,171,292,444,583,649,687,830,923,1049,1094,1121,1122,1548,1577,1817,1833,1887,2353,2380,2468,2627
2124	62,63,171,292,444,583,649,687,830,923,1049,1094,1121,1122,1548,1577,1817,1833,1887,2353,2380,2468,2627
2125	62,63,171,292,444,583,649,687,830,923,1049,1094,1121,1122,1548,1577,1817,1833,1887,2353,2380,2468,2627
2126	19
2127	62,63,171,292,444,583,649,687,830,923,1049,1094,1121,1122,1548,1577,1817,1833,1887,2353,2380,2468,2627
2128	2431
2129	2716
2130	62,63,171,292,444,583,649,687,830,923,1049,1094,1121,1122,1548,1577,1817,1833,1887,2353,2380,2468,2627
2131	873,1129,2389
2132	873,1129,2389
2133	873,1129,2389
2134	2719
2135	945
2136	146
2137	1192
2138	2186
2139	73
2140	2018
2141	770
2142	1072
2143	2733
2144	2057
2145	861
2146	356,2061
2147	311
2148	356,2061
2149	1799
2150	678,1410
2151	1826
2152	2519
2153	793
2154	172
2155	784
2156	2772
2157	2762
2158	1888
2159	448
2160	2548
2161	1212
2162	2415
2163	2514
2164	364
2165	1924
2166	1368
2167	1392
2168	10
2169	227
2170	2596
2171	1199,1338,1451,1655,2498
2172	1199,1338,1451,1655,2498
2173	1199,1338,1451,1655,2498
2174	1199,1338,1451,1655,2498
2175	1199,1338,1451,1655,2498
2176	410
2177	669
2178	155
2179	2659
2180	393
2181	1479
2182	570,1617
2183	570,1617
2184	2603
2185	210
2186	1631
2187	1559
2188	1746
2189	304
2190	1760
2191	96
2192	493
2193	2082
2194	175,1355
2195	175,1355
2196	1083
2197	2504
2198	1388
2199	108
2200	1150,1993,2335,2364
2201	238
2202	1150,1993,2335,2364
2203	1150,1993,2335,2364
2204	1150,1993,2335,2364
2205	2174
2206	1776
2207	74,1089,1673
2208	74,1089,1673
2209	74,1089,1673
2210	1961
2211	2180
2212	538
2213	2425
2214	2439
2215	2235
2216	341
2217	930
2218	2155
2219	516,956,2032,2303,2320
2220	516,956,2032,2303,2320
2221	516,956,2032,2303,2320
2222	516,956,2032,2303,2320
2223	516,956,2032,2303,2320
2224	2060
2225	1064
2226	1538
2227	188
2228	2408
2229	2293
2230	1075
2231	826,2383
2232	826,2383
2233	457,980
2234	457,980
2235	2744
2236	2401
2237	2526
2238	1442
2239	805
2240	633
2241	901
2242	240,1619
2243	105
2244	2194
2245	240,1619
2246	2729
2247	1909
2248	2413
2249	2509
2250	789
2251	1303,2062
2252	1303,2062
2253	650
2254	309
2255	140
2256	191
2257	315,401,486,758,944,2485
2258	315,401,486,758,944,2485
2259	315,401,486,758,944,2485
2260	315,401,486,758,944,2485
2261	315,401,486,758,944,2485
2262	315,401,486,758,944,2485
2263	89,726
2264	89,726
2265	2177
2266	2145,2422,2656,2770
2267	2145,2422,2656,2770
2268	2145,2422,2656,2770
2269	2145,2422,2656,2770
2270	83
2271	1846
2272	2748
2273	754
2274	1084
2275	1978
2276	1147
2277	934
2278	628
2279	2175
2280	2147
2281	2506
2282	1178,2328
2283	1178,2328
2284	975
2285	1230
2286	746
2287	2489
2288	220
2289	2652
2290	329
2291	1278
2292	1031
2293	1307
2294	324,547,1591,1679,2342,2347
2295	2089
2296	324,547,1591,1679,2342,2347
2297	324,547,1591,1679,2342,2347
2298	324,547,1591,1679,2342,2347
2299	324,547,1591,1679,2342,2347
2300	324,547,1591,1679,2342,2347
2301	1865
2302	2110
2303	1890
2304	2300
2305	938
2306	1154
2307	1677
2308	1418
2309	1462
2310	1725
2311	2391
2312	1531
2313	1830
2314	122,1798,2487
2315	122,1798,2487
2316	122,1798,2487
2317	1370
2318	1441,2432
2319	1441,2432
2320	1822
2321	2430
2322	731
2323	349
2324	2599
2325	51,2761
2326	51,2761
2327	2222
2328	168,177,398,550,1045,1424,1585,1616,1618,2052,2065,2200
2329	1390
2330	168,177,398,550,1045,1424,1585,1616,1618,2052,2065,2200
2331	168,177,398,550,1045,1424,1585,1616,1618,2052,2065,2200
2332	2776
2333	168,177,398,550,1045,1424,1585,1616,1618,2052,2065,2200
2334	168,177,398,550,1045,1424,1585,1616,1618,2052,2065,2200
2335	168,177,398,550,1045,1424,1585,1616,1618,2052,2065,2200
2336	168,177,398,550,1045,1424,1585,1616,1618,2052,2065,2200
2337	168,177,398,550,1045,1424,1585,1616,1618,2052,2065,2200
2338	168,177,398,550,1045,1424,1585,1616,1618,2052,2065,2200
2339	168,177,398,550,1045,1424,1585,1616,1618,2052,2065,2200
2340	168,177,398,550,1045,1424,1585,1616,1618,2052,2065,2200
2341	168,177,398,550,1045,1424,1585,1616,1618,2052,2065,2200
2342	1168
2343	327
2344	2382
2345	1532
2346	18
2347	1013,2681
2348	1013,2681
2349	1787
2350	972,1263,2460
2351	972,1263,2460
2352	972,1263,2460
2353	2565
2354	209,507
2355	209,507
2356	1473
2357	1057
2358	344,447,1032,1526
2359	344,447,1032,1526
2360	344,447,1032,1526
2361	344,447,1032,1526
2362	654
2363	1203
2364	267
2365	202,680
2366	202,680
2367	481
2368	467
2369	2059
2370	1935
2371	436,1429
2372	436,1429
2373	1374
2374	1523
2375	1042
2376	1829
2377	330
2378	1373,2067
2379	1373,2067
2380	2497
2381	1310
2382	1757
2383	1581
2384	716
2385	503,1259
2386	503,1259
2387	2743
2388	1869
2389	1469
2390	2179
2391	149
2392	1568
2393	1411
2394	744
2395	1412,1683
2396	1412,1683
2397	1873,1968
2398	1873,1968
2399	588
2400	675
2401	735,1037,1126,1415,2009
2402	735,1037,1126,1415,2009
2403	735,1037,1126,1415,2009
2404	735,1037,1126,1415,2009
2405	735,1037,1126,1415,2009
2406	2765
2407	231
2408	1521
2409	2255
2410	1502
2411	101
2412	2135
2413	1106
2414	986,2465
2415	479
2416	82,1957
2417	82,1957
2418	986,2465
2419	2768
2420	1932
2421	1437
2422	603
2423	1340
2424	1313
2425	2051
2426	2225
2427	949
2428	501
2429	413
2430	1050
2431	846
2432	2199
2433	255
2434	109
2435	692
2436	1758
2437	1102
2438	279
2439	1135,2375
2440	1135,2375
2441	2443
2442	389
2443	712
2444	1881
2445	1369
2446	1963
2447	2774
2448	1847
2449	2397
2450	204
2451	1560
2452	660
2453	2602
2454	940
2455	1535
2456	1322
2457	2273
2458	2483
2459	1443
2460	1854
2461	65
2462	224
2463	2074
2464	317
2465	1213,1702
2466	1213,1702
2467	2203
2468	2684
2469	314,1134,1271
2470	462
2471	314,1134,1271
2472	314,1134,1271
2473	2734
2474	1821
2475	1243
2476	1529
2477	1595
2478	2423
2479	520
2480	713,2113
2481	713,2113
2482	161
2483	1685,2184
2484	1685,2184
2485	799
2486	885
2487	2361
2488	671
2489	810
2490	1440
2491	1906
2492	119
2493	849
2494	942
2495	1386
2496	1099
2497	1484
2498	1797
2499	2757
2500	1809
2501	749
2502	729
2503	1789
2504	1068
2505	283
2506	689,2118,2219,2647
2507	689,2118,2219,2647
2508	689,2118,2219,2647
2509	689,2118,2219,2647
2510	1194
2511	2493
2512	14,563,2410
2513	14,563,2410
2514	14,563,2410
2515	740
2516	1343
2517	2144
2518	1239
2519	1362
2520	45
2521	2726
2522	1098
2523	1543
2524	2221
2525	1496
2526	1300
2527	1428
2528	2451
2529	1580
2530	1958
2531	1425
2532	664,2201
2533	664,2201
2534	562,996
2535	1114
2536	519
2537	466
2538	484
2539	1763
2540	211,1336
2541	211,1336
2542	2206,2466
2543	2206,2466
2544	2715
2545	1305
2546	653
2547	1707,2245
2548	1707,2245
2549	953
2550	1101,1297,1706
2551	1101,1297,1706
2552	1101,1297,1706
2553	8
2554	1892,2146
2555	1892,2146
2556	1522
2557	1407
2558	1752
2559	1399
2560	2216
2561	1480
2562	434
2563	2153
2564	1938
2565	39
2566	333,880,2094
2567	333,880,2094
2568	333,880,2094
2569	293,2101
2570	293,2101
2571	1896
2572	1275
2573	46
2574	1039
2575	1980
2576	691
2577	2779
2578	1137,2259
2579	1137,2259
2580	766
2581	1409
2582	1294
2583	748,2021
2584	748,2021
2585	1054
2586	1693
2587	824
2588	1493
2589	812
2590	2088
2591	2326
2592	2638
2593	477
2594	577,801
2595	577,801
2596	2702
2597	233,645,1622,1800
2598	2632
2599	233,645,1622,1800
2600	233,645,1622,1800
2601	233,645,1622,1800
2602	2
2603	702,739
2604	702,739
2605	306
2606	852,1981
2607	852,1981
2608	1432
2609	981,2390
2610	981,2390
2611	253
2612	3
2613	184
2614	2218
2615	1792
2616	67
2617	1589
2618	1145
2619	775
2620	823
2621	1987
2622	2620
2623	2170,2699
2624	2170,2699
2625	2260
2626	889
2627	2080,2552
2628	2080,2552
2629	1328
2630	2379
2631	635
2632	241
2633	1001
2634	875
2635	1703
2636	273
2637	828
2638	2756
2639	2280
2640	2622
2641	2693
2642	1097
2643	260,2679
2644	260,2679
2645	1953
2646	1095
2647	473
2648	582
2649	2198
2650	178,496,1043
2651	178,496,1043
2652	178,496,1043
2653	164
2654	1883
2655	363
2656	221
2657	2346
2658	2252
2659	2056
2660	985
2661	280,2132
2662	280,2132
2663	49,1674
2664	49,1674
2665	2208
2666	2124
2667	963,2306
2668	963,2306
2669	1318
2670	1629
2671	2531
2672	2621
2673	924
2674	2003
2675	2471
2676	853
2677	1091
2678	1244,1895
2679	1244,1895
2680	30
2681	2665
2682	2250
2683	785,825
2684	1646
2685	636
2686	1357
2687	116
2688	216
2689	1291
2690	1251
2691	2248
2692	371
2693	685
2694	1207
2695	189
2696	76
2697	1534
2698	1620
2699	2654
2700	2308
2701	1732
2702	1879
2703	1850
2704	180
2705	2628
2706	416
2707	2664
2708	2766
2709	2731
2710	1174
2711	960
2712	131
2713	2584
2714	883
2715	1542
2716	343,2625
2717	343,2625
2718	1960,2161
2719	1960,2161
2720	753
2721	1071
2722	1040
2723	1929
2724	2290
2725	2522
2726	886
2727	1877
2728	2634
2729	1379
2730	1396
2731	531
2732	1173
2733	909
2734	1208
2735	1772
2736	2163
2737	1966
2738	1975
2739	1691
2740	1661
2741	1701
2742	1917
2743	785,825
2744	1838
2745	2687
2746	13
2747	1583
2748	2479
2749	902
2750	1030
2751	1539
2752	997
2753	302
2754	1006
2755	148
2756	2597
2757	632
2758	1273
2759	1210
2760	1058
2761	331,1545
2762	1180
2763	1928
2764	331,1545
2765	870
2766	1382
2767	106,569
2768	106,569
2769	1630,2337
2770	1630,2337
2771	666
2772	515
2773	124
2774	1470
2775	2112
2776	165
2777	1954
2778	562,996
2779	1170
2780	1834
2781	1882
2782	111
